-- ==========================================
-- Заполнение таблицы Role (роли)
-- ==========================================
INSERT INTO Role (id_Role, name) VALUES
(1, 'ADMIN'),
(2, 'DOCTOR'),
(3, 'PATIENT');

-- ==========================================
-- Заполнение таблицы Clinic_User (пользователи клиники)
-- ==========================================
INSERT INTO Clinic_User (id_Clinic_User, email, password, created_at, updated_at, id_Role) VALUES
(1, 'admin@medclinic.ru', '$2a$10$encrypted_admin_pass_1', '2023-01-15 08:00:00', '2024-01-15 10:00:00', 1),
(2, 'ivanov@medclinic.ru', '$2a$10$encrypted_ivanov_pass', '2023-02-10 09:30:00', '2024-12-01 14:20:00', 2),
(3, 'petrova@medclinic.ru', '$2a$10$encrypted_petrova_pass', '2023-03-05 11:15:00', '2024-11-28 09:45:00', 2),
(4, 'sidorov@medclinic.ru', '$2a$10$encrypted_sidorov_pass', '2023-04-12 10:00:00', '2024-11-20 16:30:00', 2),
(5, 'kozlova@medclinic.ru', '$2a$10$encrypted_kozlova_pass', '2023-05-20 14:45:00', '2024-12-05 11:15:00', 2),
(6, 'petrov.patient@medclinic.ru', '$2a$10$encrypted_petrov_pass', '2023-06-10 12:00:00', '2024-12-10 09:00:00', 3),
(7, 'ivanova.patient@medclinic.ru', '$2a$10$encrypted_ivanova_pass', '2023-07-15 15:30:00', '2024-12-08 14:20:00', 3),
(8, 'smirnov@medclinic.ru', '$2a$10$encrypted_smirnov_pass', '2023-08-20 11:45:00', '2024-11-25 10:30:00', 3),
(9, 'kozlov@medclinic.ru', '$2a$10$encrypted_kozlov_pass', '2023-09-05 09:15:00', '2024-12-12 08:45:00', 3),
(10, 'morozova@medclinic.ru', '$2a$10$encrypted_morozova_pass', '2023-10-10 16:20:00', '2024-12-01 13:10:00', 3),
(11, 'volkov@medclinic.ru', '$2a$10$encrypted_volkov_pass', '2023-11-15 13:00:00', '2024-12-05 11:00:00', 3),
(12, 'sokolova@medclinic.ru', '$2a$10$encrypted_sokolova_pass', '2023-12-01 10:30:00', '2024-12-09 15:45:00', 3),
(13, 'mikhailov@medclinic.ru', '$2a$10$encrypted_mikhailov_pass', '2024-01-20 14:15:00', '2024-12-11 09:30:00', 3),
(14, 'fedotova@medclinic.ru', '$2a$10$encrypted_fedotova_pass', '2024-02-15 11:00:00', '2024-12-07 12:20:00', 3),
(15, 'nikolaev@medclinic.ru', '$2a$10$encrypted_nikolaev_pass', '2024-03-10 09:45:00', '2024-12-06 16:15:00', 3);

-- ==========================================
-- Заполнение таблицы Doctor (врачи)
-- ==========================================
INSERT INTO Doctor (id_Doctor, first_name, last_name, experience_years, created_at, updated_at, id_Clinic_User) VALUES
(1, 'Алексей', 'Иванов', 12, '2023-02-10 09:30:00', '2024-12-01 14:20:00', 2),
(2, 'Екатерина', 'Петрова', 8, '2023-03-05 11:15:00', '2024-11-28 09:45:00', 3),
(3, 'Дмитрий', 'Сидоров', 15, '2023-04-12 10:00:00', '2024-11-20 16:30:00', 4),
(4, 'Анна', 'Козлова', 5, '2023-05-20 14:45:00', '2024-12-05 11:15:00', 5);

-- ==========================================
-- Заполнение таблицы Specialization (специализации)
-- ==========================================
INSERT INTO Specialization (id_Specialization, name) VALUES
(1, 'Терапевт'),
(2, 'Кардиолог'),
(3, 'Невролог'),
(4, 'Хирург'),
(5, 'Педиатр'),
(6, 'Офтальмолог'),
(7, 'Отоларинголог (ЛОР)'),
(8, 'Дерматолог'),
(9, 'Стоматолог'),
(10, 'Гинеколог'),
(11, 'Уролог'),
(12, 'Эндокринолог'),
(13, 'Психиатр'),
(14, 'Травматолог'),
(15, 'Физиотерапевт');

-- ==========================================
-- Заполнение таблицы doctor_specialization (специализации врачей)
-- ==========================================
INSERT INTO doctor_specialization (id_Doctor, id_Specialization) VALUES
-- Иванов Алексей (терапевт, кардиолог)
(1, 1), (1, 2),
-- Петрова Екатерина (невролог, терапевт)
(2, 3), (2, 1),
-- Сидоров Дмитрий (хирург, травматолог)
(3, 4), (3, 14),
-- Козлова Анна (педиатр, терапевт)
(4, 5), (4, 1);

-- ==========================================
-- Заполнение таблицы Patient (пациенты)
-- ==========================================
INSERT INTO Patient (id_Patient, full_name, date_of_birth, gender, phone_number, created_at, updated_at, id_Clinic_User) VALUES
(1, 'Петров Иван Сергеевич', '1985-03-15', 'Мужской', '+7 (916) 123-45-67', '2023-06-10 12:00:00', '2024-12-10 09:00:00', 6),
(2, 'Иванова Мария Алексеевна', '1990-07-22', 'Женский', '+7 (915) 234-56-78', '2023-07-15 15:30:00', '2024-12-08 14:20:00', 7),
(3, 'Смирнов Александр Дмитриевич', '1978-11-03', 'Мужской', '+7 (917) 345-67-89', '2023-08-20 11:45:00', '2024-11-25 10:30:00', 8),
(4, 'Козлов Денис Андреевич', '1995-05-18', 'Мужской', '+7 (918) 456-78-90', '2023-09-05 09:15:00', '2024-12-12 08:45:00', 9),
(5, 'Морозова Елена Владимировна', '1982-12-25', 'Женский', '+7 (919) 567-89-01', '2023-10-10 16:20:00', '2024-12-01 13:10:00', 10),
(6, 'Волков Павел Николаевич', '1970-09-08', 'Мужской', '+7 (920) 678-90-12', '2023-11-15 13:00:00', '2024-12-05 11:00:00', 11),
(7, 'Соколова Татьяна Игоревна', '1988-02-14', 'Женский', '+7 (921) 789-01-23', '2023-12-01 10:30:00', '2024-12-09 15:45:00', 12),
(8, 'Михайлов Андрей Петрович', '1992-06-30', 'Мужской', '+7 (922) 890-12-34', '2024-01-20 14:15:00', '2024-12-11 09:30:00', 13),
(9, 'Федотова Ольга Сергеевна', '1984-04-17', 'Женский', '+7 (923) 901-23-45', '2024-02-15 11:00:00', '2024-12-07 12:20:00', 14),
(10, 'Николаев Артем Викторович', '1998-08-21', 'Мужской', '+7 (924) 012-34-56', '2024-03-10 09:45:00', '2024-12-06 16:15:00', 15);

-- ==========================================
-- Заполнение таблицы Status (статусы)
-- ==========================================
INSERT INTO Status (id_Status, status) VALUES
(1, 'SCHEDULED'),
(2, 'CONFIRMED'),
(3, 'COMPLETED'),
(4, 'CANCELLED');

-- ==========================================
-- Заполнение таблицы Appointment (записи на прием)
-- ==========================================
INSERT INTO Appointment (id_Appointment, date_time, symptoms, created_at, updated_at, id_Status, id_Doctor, id_Patient) VALUES
-- Записи к врачу Иванову (id_Doctor = 1)
(1, '2024-12-01 10:00:00', 'Кашель, повышенная температура, слабость', '2024-11-25 09:00:00', '2024-12-01 10:30:00', 3, 1, 1),
(2, '2024-12-02 11:30:00', 'Головная боль, давление 150/90', '2024-11-26 14:20:00', '2024-12-02 11:45:00', 3, 1, 2),
(3, '2024-12-05 09:15:00', 'Боль в груди, одышка', '2024-11-28 10:15:00', '2024-12-05 09:30:00', 3, 1, 3),
(4, '2024-12-08 14:00:00', 'Плановый осмотр', '2024-12-01 11:00:00', '2024-12-08 14:15:00', 2, 1, 4),
(5, '2024-12-12 12:00:00', 'Головокружение, шум в ушах', '2024-12-05 15:30:00', '2024-12-12 12:20:00', 1, 1, 5),
(6, '2024-12-15 10:30:00', 'Повышенное давление, тахикардия', '2024-12-08 09:45:00', '2024-12-10 11:00:00', 1, 1, 6),
(7, '2024-12-18 15:00:00', 'Боль в спине', '2024-12-10 14:00:00', '2024-12-15 08:00:00', 1, 1, 7),
(8, '2024-12-20 11:00:00', 'Общая слабость, утомляемость', '2024-12-12 10:30:00', '2024-12-18 09:00:00', 1, 1, 8),

-- Записи к врачу Петровой (id_Doctor = 2)
(9, '2024-12-01 09:00:00', 'Мигрень, светобоязнь', '2024-11-20 13:00:00', '2024-12-01 09:45:00', 3, 2, 2),
(10, '2024-12-03 14:30:00', 'Онемение левой руки', '2024-11-25 16:20:00', '2024-12-03 14:50:00', 3, 2, 4),
(11, '2024-12-06 11:00:00', 'Головокружение, потеря равновесия', '2024-11-28 12:00:00', '2024-12-06 11:30:00', 3, 2, 6),
(12, '2024-12-10 10:00:00', 'Боль в шее, ограничение подвижности', '2024-12-01 09:00:00', '2024-12-10 10:20:00', 3, 2, 1),
(13, '2024-12-13 15:30:00', 'Нарушение сна, тревожность', '2024-12-05 11:15:00', '2024-12-13 15:45:00', 2, 2, 3),
(14, '2024-12-17 09:45:00', 'Тик глаза, подергивания', '2024-12-08 14:30:00', '2024-12-15 10:00:00', 1, 2, 5),
(15, '2024-12-19 13:00:00', 'Память, забывчивость', '2024-12-10 11:45:00', '2024-12-16 09:00:00', 1, 2, 7),

-- Записи к врачу Сидорову (id_Doctor = 3)
(16, '2024-12-02 08:30:00', 'Перелом правой руки', '2024-11-28 08:00:00', '2024-12-02 09:15:00', 3, 3, 5),
(17, '2024-12-04 12:00:00', 'Ушиб колена, отек', '2024-11-29 15:30:00', '2024-12-04 12:45:00', 3, 3, 8),
(18, '2024-12-07 10:30:00', 'Боль в плече после падения', '2024-12-01 09:45:00', '2024-12-07 11:00:00', 3, 3, 2),
(19, '2024-12-11 14:00:00', 'Плановый осмотр после операции', '2024-12-03 10:00:00', '2024-12-11 14:30:00', 2, 3, 9),
(20, '2024-12-14 09:15:00', 'Растяжение связок голеностопа', '2024-12-05 12:00:00', '2024-12-14 09:45:00', 1, 3, 1),
(21, '2024-12-16 11:30:00', 'Боль в пояснице', '2024-12-08 14:15:00', '2024-12-16 12:00:00', 4, 3, 4),
(22, '2024-12-18 15:00:00', 'Рецидивирующий вывих плеча', '2024-12-10 08:30:00', '2024-12-17 09:00:00', 1, 3, 6),

-- Записи к врачу Козловой (id_Doctor = 4)
(23, '2024-12-01 16:00:00', 'Ребенок кашляет 3 дня, температура 38.5', '2024-11-29 10:00:00', '2024-12-01 16:30:00', 3, 4, 3),
(24, '2024-12-03 10:00:00', 'Ветрянка, сыпь', '2024-11-30 11:45:00', '2024-12-03 10:45:00', 3, 4, 7),
(25, '2024-12-05 13:30:00', 'Плановый осмотр, прививка', '2024-11-25 09:00:00', '2024-12-05 14:00:00', 3, 4, 9),
(26, '2024-12-09 09:00:00', 'Боль в ухе у ребенка', '2024-12-02 13:20:00', '2024-12-09 09:30:00', 3, 4, 5),
(27, '2024-12-12 15:00:00', 'Аллергическая реакция', '2024-12-04 16:00:00', '2024-12-12 15:30:00', 2, 4, 2),
(28, '2024-12-15 11:00:00', 'Плохой аппетит, вялость', '2024-12-08 14:45:00', '2024-12-12 10:00:00', 1, 4, 8),
(29, '2024-12-19 14:30:00', 'Контрольный осмотр', '2024-12-10 09:15:00', '2024-12-18 08:00:00', 1, 4, 10),
(30, '2024-12-20 10:00:00', 'Бронхит, кашель с мокротой', '2024-12-11 11:30:00', '2024-12-18 13:00:00', 1, 4, 1);